{
	"schemaVersion": 1,
	"id": "xanders-mod",
	"version": "${version}",
	"name": "Xander's Mod",
	"description": "This is an example description! Tell everyone what your mod is about!",
	"authors": [
		"Me!"
	],
	"contact": {
		"homepage": "https://fabricmc.net/",
		"sources": "https://github.com/FabricMC/fabric-example-mod"
	},
	"license": "CC0-1.0",
	"icon": "assets/xanders-mod/icon.png",
	"environment": "*",
	"entrypoints": {
		"main": [
			"xander.mod.XandersMod"
		],
		"fabric-datagen": [
			"xander.mod.XandersModDataGenerator"
		]
	},
	"mixins": [
		"xanders-mod.mixins.json"
	],
	"depends": {
		"fabricloader": ">=0.18.4",
		"minecraft": "~1.21.11",
		"java": ">=21",
		"fabric-api": "*"
	}
}